joint0_x,joint0_y,joint0_z,joint1_x,joint1_y,joint1_z,joint2_x,joint2_y,joint2_z,joint3_x,joint3_y,joint3_z,joint4_x,joint4_y,joint4_z,joint5_x,joint5_y,joint5_z,joint6_x,joint6_y,joint6_z,joint7_x,joint7_y,joint7_z,joint8_x,joint8_y,joint8_z,joint9_x,joint9_y,joint9_z,joint10_x,joint10_y,joint10_z,joint11_x,joint11_y,joint11_z,joint12_x,joint12_y,joint12_z,joint13_x,joint13_y,joint13_z,joint14_x,joint14_y,joint14_z,joint15_x,joint15_y,joint15_z,joint16_x,joint16_y,joint16_z,joint17_x,joint17_y,joint17_z,joint18_x,joint18_y,joint18_z,joint19_x,joint19_y,joint19_z,joint20_x,joint20_y,joint20_z,joint21_x,joint21_y,joint21_z,joint22_x,joint22_y,joint22_z,joint23_x,joint23_y,joint23_z,joint24_x,joint24_y,joint24_z,joint25_x,joint25_y,joint25_z,joint26_x,joint26_y,joint26_z,joint27_x,joint27_y,joint27_z,joint28_x,joint28_y,joint28_z,joint29_x,joint29_y,joint29_z,joint30_x,joint30_y,joint30_z,joint31_x,joint31_y,joint31_z,joint32_x,joint32_y,joint32_z,espina_x,espina_y,espina_z
308.0,101.0,3.417,312.0,94.0,3.38,314.0,94.0,3.362,317.0,95.0,3.273,303.0,94.0,3.29,301.0,94.0,3.256,298.0,95.0,3.239,320.0,100.0,3.239,294.0,100.0,3.222,313.0,110.0,3.11,302.0,109.0,3.094,345.0,150.0,2.776,270.0,147.0,3.206,353.0,214.0,2.879,250.0,206.0,3.398,363.0,263.0,3.034,286.0,231.0,2.488,368.0,280.0,2.933,294.0,241.0,2.528,363.0,279.0,3.004,298.0,237.0,2.478,360.0,274.0,3.079,297.0,233.0,2.458,329.0,268.0,2.591,285.0,268.0,2.613,331.0,359.0,2.893,282.0,365.0,2.764,344.0,423.0,2.695,294.0,442.0,2.213,344.0,432.0,2.695,324.0,428.0,2.738,343.0,457.0,2.648,282.0,470.0,1.628,307.25,208.25,2.7965
309.0,101.0,3.38,313.0,94.0,3.455,315.0,94.0,3.398,317.0,95.0,3.326,305.0,94.0,3.455,302.0,94.0,3.417,299.0,95.0,3.574,320.0,100.0,3.189,295.0,100.0,3.863,314.0,109.0,3.29,304.0,109.0,3.256,345.0,150.0,2.801,270.0,148.0,3.38,354.0,214.0,2.635,252.0,210.0,2.84,364.0,264.0,3.034,263.0,259.0,2.776,369.0,279.0,2.728,264.0,276.0,3.125,363.0,279.0,2.789,272.0,273.0,2.92,360.0,275.0,2.92,273.0,268.0,2.866,329.0,269.0,2.591,286.0,269.0,2.591,331.0,359.0,2.866,281.0,365.0,2.84,344.0,423.0,2.695,294.0,441.0,2.19,344.0,432.0,2.695,324.0,428.0,2.738,347.0,471.0,2.032,282.0,469.0,1.632,307.5,209.0,2.84075
310.0,100.0,3.326,313.0,94.0,3.863,316.0,94.0,3.911,318.0,94.0,3.911,305.0,94.0,3.658,302.0,94.0,3.514,299.0,94.0,3.436,320.0,100.0,3.436,295.0,99.0,3.222,315.0,109.0,3.534,304.0,109.0,3.222,346.0,150.0,3.141,270.0,148.0,3.38,354.0,214.0,2.99,254.0,211.0,3.173,364.0,264.0,3.019,237.0,259.0,2.84,369.0,280.0,3.11,230.0,276.0,2.635,363.0,280.0,3.034,235.0,276.0,2.681,360.0,275.0,3.034,273.0,268.0,2.866,330.0,269.0,2.624,287.0,270.0,2.58,332.0,359.0,2.879,282.0,365.0,2.84,344.0,423.0,2.695,295.0,441.0,2.137,344.0,432.0,2.695,324.0,428.0,2.738,348.0,471.0,2.026,282.0,469.0,1.654,308.25,209.25,2.93125
310.0,100.0,3.38,313.0,94.0,3.455,316.0,94.0,3.514,318.0,94.0,3.574,305.0,94.0,3.38,302.0,94.0,3.398,299.0,95.0,3.398,320.0,100.0,3.863,295.0,100.0,3.206,314.0,109.0,3.724,304.0,109.0,3.398,347.0,150.0,3.049,271.0,149.0,2.92,355.0,214.0,2.801,252.0,212.0,2.99,365.0,264.0,2.976,218.0,256.0,3.034,370.0,280.0,3.064,207.0,270.0,3.173,364.0,280.0,2.866,209.0,271.0,3.239,361.0,275.0,2.853,213.0,267.0,3.239,330.0,270.0,2.591,287.0,270.0,2.602,332.0,359.0,2.84,283.0,365.0,2.752,344.0,423.0,2.695,295.0,441.0,2.073,344.0,432.0,2.695,303.0,451.0,2.123,347.0,471.0,2.094,282.0,469.0,1.681,308.75,209.75,2.7905
310.0,98.0,3.398,314.0,93.0,3.362,316.0,93.0,3.344,318.0,93.0,3.326,306.0,93.0,3.38,303.0,93.0,3.362,300.0,93.0,3.38,321.0,99.0,3.239,296.0,99.0,3.239,315.0,107.0,3.344,305.0,107.0,3.273,347.0,150.0,2.906,271.0,149.0,2.99,356.0,215.0,2.99,249.0,211.0,2.692,365.0,264.0,2.99,203.0,248.0,3.034,370.0,280.0,2.92,187.0,254.0,3.064,364.0,280.0,2.906,187.0,254.0,3.064,361.0,275.0,2.99,192.0,253.0,3.125,330.0,270.0,2.624,289.0,270.0,2.57,332.0,359.0,2.866,284.0,365.0,2.728,344.0,423.0,2.695,295.0,441.0,2.144,344.0,432.0,2.695,303.0,450.0,2.338,346.0,471.0,2.123,282.0,469.0,1.681,309.25,209.75,2.7725000000000004
311.0,98.0,3.256,315.0,92.0,3.398,317.0,93.0,3.417,319.0,93.0,3.436,307.0,92.0,2.976,305.0,93.0,2.947,302.0,93.0,2.906,322.0,99.0,3.494,297.0,99.0,2.976,316.0,107.0,4.065,306.0,106.0,3.746,348.0,151.0,3.157,272.0,149.0,3.11,356.0,215.0,2.814,246.0,209.0,2.853,365.0,264.0,3.004,192.0,228.0,3.019,370.0,280.0,3.157,176.0,230.0,3.11,364.0,280.0,3.11,176.0,228.0,3.064,361.0,275.0,3.019,182.0,228.0,3.049,331.0,270.0,2.613,290.0,271.0,2.549,332.0,360.0,2.866,284.0,365.0,2.764,344.0,423.0,2.695,295.0,441.0,2.123,344.0,432.0,2.695,303.0,450.0,2.338,346.0,471.0,2.123,282.0,468.0,1.654,310.25,210.25,2.85725
312.0,96.0,3.436,315.0,91.0,3.239,318.0,92.0,3.256,320.0,92.0,3.222,308.0,91.0,3.173,306.0,92.0,3.141,303.0,92.0,3.11,323.0,99.0,3.256,298.0,98.0,3.157,317.0,106.0,3.239,307.0,105.0,3.189,348.0,151.0,2.906,273.0,148.0,3.004,356.0,215.0,2.853,244.0,202.0,2.752,365.0,264.0,3.173,190.0,218.0,2.933,370.0,280.0,3.206,173.0,221.0,2.879,364.0,280.0,3.157,173.0,219.0,2.752,361.0,275.0,3.273,180.0,218.0,2.74,331.0,270.0,2.602,290.0,271.0,2.591,332.0,360.0,2.801,284.0,365.0,2.752,344.0,423.0,2.695,296.0,441.0,2.174,329.0,453.0,2.213,303.0,450.0,2.374,344.0,471.0,2.123,283.0,468.0,1.663,310.5,210.0,2.7757500000000004
313.0,94.0,3.222,316.0,90.0,3.326,318.0,91.0,3.29,321.0,92.0,3.239,309.0,90.0,3.344,307.0,90.0,3.326,304.0,91.0,3.344,324.0,98.0,2.933,300.0,97.0,3.308,318.0,104.0,2.99,308.0,103.0,2.99,349.0,151.0,2.681,274.0,147.0,3.326,356.0,216.0,2.893,245.0,200.0,3.494,365.0,264.0,3.064,196.0,222.0,3.189,370.0,280.0,2.853,181.0,226.0,3.256,364.0,280.0,2.906,182.0,224.0,3.239,361.0,275.0,2.92,186.0,224.0,3.256,331.0,270.0,2.624,290.0,271.0,2.57,332.0,360.0,2.853,284.0,365.0,2.728,344.0,423.0,2.695,296.0,441.0,2.174,329.0,453.0,2.213,303.0,450.0,2.374,344.0,472.0,2.08,283.0,468.0,1.672,311.0,209.75,2.80025
313.0,94.0,3.494,317.0,90.0,3.436,319.0,91.0,3.38,322.0,91.0,3.308,310.0,90.0,3.494,307.0,90.0,3.436,305.0,91.0,3.362,324.0,98.0,3.239,300.0,97.0,3.256,318.0,104.0,3.11,308.0,102.0,3.125,349.0,152.0,3.173,274.0,147.0,3.157,356.0,216.0,3.141,250.0,197.0,3.206,365.0,264.0,3.049,226.0,225.0,3.273,370.0,280.0,3.189,219.0,237.0,3.494,364.0,280.0,3.206,222.0,237.0,3.514,361.0,276.0,3.189,225.0,233.0,3.616,331.0,270.0,2.624,290.0,270.0,2.538,332.0,359.0,2.879,284.0,365.0,2.728,344.0,423.0,2.695,296.0,441.0,2.159,329.0,453.0,2.213,303.0,450.0,2.374,344.0,472.0,2.013,283.0,468.0,1.672,311.0,209.75,2.873
313.0,94.0,3.29,317.0,90.0,3.362,319.0,91.0,3.38,322.0,91.0,3.474,310.0,90.0,3.38,308.0,90.0,3.417,305.0,90.0,3.474,325.0,98.0,3.308,300.0,97.0,3.436,318.0,104.0,3.436,308.0,102.0,3.514,349.0,152.0,2.99,274.0,147.0,3.239,356.0,217.0,3.094,250.0,197.0,3.206,365.0,265.0,2.933,273.0,216.0,2.559,370.0,281.0,3.206,278.0,223.0,2.716,364.0,281.0,3.125,283.0,219.0,2.624,361.0,276.0,3.141,282.0,216.0,2.602,331.0,269.0,2.613,288.0,267.0,2.613,332.0,359.0,2.853,284.0,364.0,2.728,344.0,423.0,2.695,296.0,441.0,2.159,329.0,453.0,2.213,303.0,449.0,2.42,344.0,472.0,2.013,283.0,468.0,1.658,310.5,208.75,2.86375
313.0,97.0,3.436,317.0,91.0,3.595,319.0,92.0,3.616,322.0,92.0,3.554,310.0,91.0,3.206,307.0,91.0,3.11,304.0,92.0,3.064,324.0,99.0,3.616,300.0,98.0,3.189,318.0,106.0,3.595,308.0,105.0,3.455,348.0,152.0,2.976,274.0,145.0,3.222,355.0,216.0,2.893,245.0,194.0,3.064,365.0,266.0,3.019,284.0,175.0,2.681,370.0,281.0,3.222,295.0,174.0,2.591,364.0,281.0,3.094,298.0,169.0,2.658,362.0,277.0,3.064,297.0,169.0,2.658,330.0,270.0,2.591,287.0,271.0,2.591,332.0,361.0,2.893,283.0,365.0,2.752,344.0,423.0,2.695,296.0,440.0,2.261,329.0,453.0,2.213,303.0,450.0,2.41,346.0,470.0,2.052,283.0,468.0,1.658,309.75,209.5,2.8450000000000006
312.0,99.0,3.494,316.0,93.0,3.189,319.0,93.0,3.256,321.0,94.0,3.308,308.0,93.0,3.173,305.0,93.0,3.125,303.0,94.0,3.125,324.0,100.0,3.792,299.0,99.0,3.534,318.0,108.0,3.637,307.0,108.0,3.514,348.0,151.0,3.11,275.0,145.0,3.222,355.0,216.0,2.879,245.0,189.0,3.239,365.0,266.0,3.034,279.0,146.0,3.206,370.0,281.0,3.064,288.0,139.0,3.326,364.0,281.0,3.019,291.0,136.0,3.239,361.0,277.0,2.961,290.0,138.0,3.273,330.0,271.0,2.591,287.0,272.0,2.58,331.0,361.0,2.866,283.0,365.0,2.764,344.0,423.0,2.695,296.0,440.0,2.094,328.0,452.0,2.278,303.0,450.0,2.41,346.0,470.0,2.237,282.0,468.0,1.654,310.0,209.75,2.87575
313.0,98.0,3.326,316.0,93.0,3.29,319.0,93.0,3.222,321.0,94.0,3.222,309.0,93.0,3.344,307.0,93.0,3.326,305.0,94.0,3.308,324.0,100.0,3.29,301.0,99.0,3.38,318.0,107.0,3.474,309.0,106.0,3.595,348.0,150.0,3.29,278.0,142.0,2.893,355.0,216.0,2.84,249.0,183.0,3.004,365.0,266.0,3.157,277.0,127.0,3.125,369.0,281.0,3.094,283.0,115.0,2.906,363.0,281.0,3.189,286.0,113.0,3.064,361.0,277.0,3.239,285.0,117.0,2.879,330.0,270.0,2.624,287.0,270.0,2.58,331.0,361.0,2.866,283.0,365.0,2.728,344.0,423.0,2.695,296.0,441.0,2.27,328.0,452.0,2.278,303.0,450.0,2.392,344.0,470.0,2.08,282.0,468.0,1.654,310.75,208.0,2.84675
313.0,99.0,3.455,317.0,94.0,3.616,319.0,94.0,3.616,321.0,95.0,3.595,309.0,93.0,3.534,307.0,94.0,3.554,304.0,94.0,3.554,324.0,100.0,3.239,301.0,100.0,3.474,319.0,108.0,3.436,310.0,107.0,3.308,349.0,150.0,2.92,279.0,142.0,2.498,356.0,216.0,2.866,248.0,179.0,2.508,364.0,265.0,2.947,257.0,126.0,2.906,369.0,281.0,3.494,259.0,112.0,4.38,363.0,281.0,3.273,264.0,109.0,4.711,360.0,276.0,3.222,264.0,113.0,4.539,330.0,270.0,2.591,289.0,269.0,2.591,331.0,359.0,2.906,283.0,365.0,2.752,333.0,441.0,2.356,295.0,441.0,2.073,329.0,451.0,2.383,303.0,450.0,2.392,344.0,470.0,2.087,282.0,468.0,1.654,311.75,207.75,2.6500000000000004
311.0,98.0,3.494,316.0,93.0,3.494,319.0,93.0,3.514,321.0,93.0,3.455,308.0,93.0,3.326,305.0,93.0,3.308,303.0,94.0,3.344,324.0,99.0,3.514,300.0,99.0,3.436,318.0,107.0,3.494,307.0,107.0,3.534,350.0,150.0,3.436,279.0,144.0,3.362,357.0,216.0,2.879,246.0,180.0,3.079,364.0,266.0,2.961,241.0,128.0,3.157,368.0,281.0,3.049,239.0,112.0,3.034,362.0,282.0,2.961,244.0,109.0,3.079,360.0,277.0,3.034,246.0,114.0,3.125,330.0,269.0,2.58,289.0,269.0,2.538,331.0,359.0,2.84,284.0,365.0,2.728,333.0,441.0,2.356,294.0,441.0,2.174,329.0,451.0,2.383,302.0,451.0,2.356,344.0,470.0,2.066,282.0,469.0,1.681,312.0,208.0,2.979
310.0,94.0,2.814,315.0,90.0,3.362,318.0,90.0,3.474,321.0,91.0,3.436,307.0,90.0,3.094,305.0,90.0,3.094,302.0,91.0,3.004,325.0,97.0,2.947,300.0,97.0,2.866,317.0,104.0,2.933,305.0,104.0,2.92,351.0,150.0,3.004,278.0,146.0,2.853,358.0,216.0,2.866,244.0,186.0,2.681,364.0,266.0,3.049,224.0,136.0,3.157,368.0,282.0,3.11,217.0,122.0,3.273,362.0,282.0,3.173,221.0,117.0,3.222,360.0,278.0,3.141,223.0,122.0,3.308,331.0,270.0,2.602,289.0,269.0,2.549,330.0,360.0,2.827,284.0,365.0,2.752,333.0,441.0,2.356,294.0,442.0,2.059,329.0,451.0,2.383,302.0,451.0,2.356,344.0,470.0,2.039,282.0,469.0,1.681,312.25,208.75,2.752
310.0,94.0,3.417,315.0,89.0,3.173,318.0,90.0,3.125,321.0,90.0,3.094,307.0,90.0,3.398,305.0,90.0,3.436,302.0,91.0,3.455,325.0,97.0,3.206,300.0,97.0,3.436,317.0,103.0,3.362,305.0,104.0,3.514,352.0,149.0,2.961,278.0,147.0,3.29,358.0,216.0,2.827,246.0,197.0,2.704,365.0,266.0,3.094,210.0,155.0,3.595,370.0,283.0,3.034,198.0,145.0,2.961,364.0,283.0,2.933,200.0,141.0,2.947,361.0,278.0,2.827,205.0,145.0,3.157,331.0,270.0,2.602,290.0,269.0,2.57,331.0,360.0,2.879,284.0,364.0,2.716,333.0,441.0,2.356,293.0,442.0,2.137,329.0,451.0,2.383,302.0,451.0,2.356,344.0,470.0,2.052,281.0,470.0,1.658,312.75,208.75,2.85575
312.0,94.0,3.141,316.0,89.0,3.173,319.0,90.0,3.206,322.0,90.0,3.273,308.0,90.0,3.189,305.0,90.0,3.222,303.0,91.0,3.239,326.0,97.0,3.326,300.0,97.0,3.326,318.0,103.0,3.344,307.0,104.0,3.344,353.0,149.0,3.064,277.0,147.0,3.616,359.0,216.0,2.893,251.0,203.0,2.498,367.0,267.0,3.034,201.0,185.0,3.273,371.0,283.0,3.206,189.0,180.0,3.474,366.0,283.0,3.141,189.0,177.0,3.574,363.0,279.0,3.125,194.0,178.0,3.398,332.0,270.0,2.613,290.0,269.0,2.57,331.0,360.0,2.801,284.0,364.0,2.776,333.0,441.0,2.356,293.0,443.0,2.19,329.0,451.0,2.383,302.0,451.0,2.356,344.0,470.0,2.052,282.0,470.0,1.645,313.0,208.75,2.96575
313.0,94.0,3.417,317.0,89.0,3.239,319.0,90.0,3.157,322.0,90.0,2.961,308.0,90.0,3.455,306.0,90.0,3.436,303.0,91.0,3.38,326.0,97.0,3.019,301.0,97.0,3.398,319.0,104.0,3.308,307.0,104.0,3.362,353.0,149.0,2.99,277.0,148.0,2.933,359.0,216.0,2.893,257.0,205.0,2.947,369.0,267.0,3.064,207.0,214.0,3.436,373.0,283.0,3.29,194.0,217.0,3.534,368.0,283.0,3.308,195.0,215.0,3.637,364.0,278.0,3.189,199.0,214.0,3.658,332.0,270.0,2.591,290.0,269.0,2.57,331.0,360.0,2.853,284.0,364.0,2.728,333.0,441.0,2.356,293.0,443.0,2.066,329.0,451.0,2.383,302.0,453.0,1.757,344.0,470.0,2.059,281.0,470.0,1.65,313.0,209.0,2.771
313.0,94.0,3.534,317.0,89.0,3.574,320.0,90.0,3.417,322.0,90.0,3.344,309.0,90.0,3.746,306.0,90.0,3.68,303.0,91.0,3.574,326.0,97.0,3.308,301.0,97.0,3.534,319.0,103.0,3.514,307.0,104.0,3.574,353.0,150.0,3.157,277.0,149.0,3.11,359.0,216.0,2.933,258.0,207.0,3.173,369.0,267.0,2.879,219.0,234.0,3.019,374.0,283.0,2.933,207.0,242.0,2.801,368.0,283.0,2.84,208.0,242.0,2.814,365.0,278.0,2.947,212.0,240.0,2.866,332.0,269.0,2.613,290.0,269.0,2.528,331.0,360.0,2.84,284.0,364.0,2.74,333.0,441.0,2.356,293.0,443.0,2.094,329.0,451.0,2.383,302.0,453.0,1.757,344.0,470.0,2.059,281.0,470.0,1.632,313.0,209.25,2.852
313.0,94.0,3.417,317.0,89.0,3.616,320.0,90.0,3.637,322.0,90.0,3.637,309.0,90.0,3.514,306.0,90.0,3.514,303.0,91.0,3.474,326.0,97.0,3.326,300.0,97.0,3.344,319.0,104.0,3.38,307.0,104.0,3.29,352.0,150.0,2.893,277.0,149.0,3.11,359.0,216.0,2.801,259.0,207.0,3.019,369.0,266.0,3.125,236.0,244.0,3.064,373.0,282.0,3.064,228.0,256.0,3.004,367.0,283.0,3.034,230.0,257.0,2.99,364.0,278.0,3.326,234.0,252.0,2.879,332.0,269.0,2.635,290.0,268.0,2.538,331.0,360.0,2.84,285.0,364.0,2.74,333.0,441.0,2.356,293.0,443.0,2.059,329.0,451.0,2.383,302.0,453.0,1.757,344.0,470.0,2.059,281.0,470.0,1.632,312.75,209.0,2.794
313.0,95.0,3.616,317.0,90.0,3.474,320.0,90.0,3.308,322.0,91.0,3.273,309.0,90.0,3.792,306.0,90.0,3.746,303.0,91.0,3.658,326.0,97.0,3.474,300.0,97.0,3.574,319.0,104.0,3.815,307.0,104.0,3.658,351.0,150.0,3.125,276.0,148.0,3.256,359.0,216.0,2.801,260.0,204.0,3.724,368.0,266.0,2.976,257.0,246.0,3.362,372.0,282.0,3.125,254.0,260.0,3.239,366.0,282.0,3.094,260.0,259.0,3.157,363.0,278.0,2.976,262.0,254.0,3.064,332.0,269.0,2.613,290.0,268.0,2.591,332.0,359.0,2.84,284.0,365.0,2.74,333.0,441.0,2.356,293.0,442.0,2.137,329.0,451.0,2.383,301.0,452.0,2.108,344.0,470.0,2.059,281.0,469.0,1.658,312.25,208.75,2.89625
313.0,95.0,3.436,317.0,90.0,3.11,320.0,90.0,3.079,322.0,91.0,3.11,308.0,90.0,3.189,306.0,90.0,3.206,303.0,91.0,3.273,326.0,97.0,3.38,300.0,97.0,3.595,319.0,105.0,3.157,307.0,104.0,3.398,351.0,150.0,3.326,276.0,148.0,3.256,358.0,216.0,2.764,260.0,204.0,3.724,367.0,266.0,3.079,275.0,242.0,3.173,371.0,282.0,3.034,279.0,254.0,2.776,365.0,282.0,2.99,286.0,252.0,2.591,363.0,278.0,2.814,286.0,249.0,2.591,332.0,269.0,2.602,290.0,268.0,2.602,332.0,359.0,2.853,284.0,364.0,2.728,333.0,441.0,2.356,293.0,441.0,2.101,329.0,451.0,2.383,301.0,451.0,2.108,344.0,470.0,2.059,281.0,469.0,1.645,312.25,208.75,2.9465
313.0,95.0,3.702,317.0,90.0,3.514,319.0,90.0,3.514,322.0,91.0,3.514,308.0,90.0,3.326,306.0,90.0,3.344,303.0,91.0,3.326,325.0,97.0,3.398,300.0,97.0,3.398,318.0,105.0,3.125,307.0,104.0,3.29,350.0,150.0,3.094,274.0,147.0,3.189,358.0,215.0,2.789,257.0,203.0,3.064,367.0,266.0,2.866,288.0,218.0,2.646,371.0,282.0,2.866,296.0,229.0,2.559,365.0,282.0,3.004,300.0,222.0,2.508,363.0,277.0,3.094,299.0,219.0,2.488,332.0,267.0,2.613,289.0,267.0,2.58,332.0,358.0,2.893,284.0,364.0,2.728,333.0,441.0,2.356,293.0,441.0,2.073,328.0,452.0,2.182,301.0,450.0,2.046,344.0,470.0,2.059,281.0,468.0,1.658,311.25,207.75,2.869
312.0,98.0,3.189,316.0,91.0,3.206,319.0,91.0,3.239,321.0,92.0,3.273,308.0,91.0,3.273,305.0,91.0,3.362,302.0,92.0,3.436,324.0,98.0,3.29,299.0,98.0,3.38,318.0,107.0,3.034,306.0,106.0,3.256,348.0,149.0,3.256,273.0,146.0,2.99,356.0,215.0,2.866,257.0,203.0,3.064,366.0,266.0,2.776,291.0,190.0,2.57,369.0,282.0,3.125,301.0,189.0,2.448,364.0,282.0,3.034,306.0,183.0,2.488,362.0,277.0,3.079,303.0,183.0,2.508,332.0,268.0,2.602,288.0,270.0,2.624,332.0,358.0,2.879,284.0,364.0,2.764,333.0,441.0,2.356,294.0,440.0,2.066,328.0,452.0,2.182,301.0,450.0,2.046,345.0,470.0,2.229,282.0,468.0,1.672,310.25,208.25,2.8680000000000003
311.0,100.0,3.064,315.0,93.0,3.019,318.0,93.0,3.049,320.0,93.0,3.019,308.0,91.0,3.273,305.0,91.0,3.362,301.0,94.0,3.049,323.0,99.0,3.256,298.0,99.0,3.141,317.0,109.0,3.189,306.0,108.0,3.206,347.0,149.0,2.853,274.0,145.0,2.947,355.0,215.0,3.049,256.0,198.0,3.256,365.0,267.0,2.92,288.0,165.0,2.692,369.0,282.0,3.455,296.0,158.0,2.853,363.0,282.0,3.189,300.0,152.0,2.764,361.0,278.0,2.99,298.0,153.0,2.84,331.0,270.0,2.613,288.0,271.0,2.57,332.0,359.0,2.879,284.0,364.0,2.764,333.0,441.0,2.356,294.0,440.0,2.019,329.0,452.0,2.253,301.0,450.0,2.046,347.0,470.0,2.123,283.0,468.0,1.676,310.0,208.75,2.74575
311.0,100.0,3.29,314.0,93.0,3.079,317.0,93.0,3.125,320.0,94.0,3.206,306.0,93.0,3.004,303.0,94.0,3.004,301.0,94.0,2.99,322.0,99.0,3.398,298.0,100.0,3.189,317.0,109.0,3.189,306.0,109.0,3.094,347.0,148.0,3.019,275.0,145.0,3.206,355.0,215.0,3.049,255.0,196.0,3.173,363.0,267.0,2.704,279.0,145.0,3.11,368.0,282.0,3.094,284.0,133.0,3.206,362.0,283.0,3.094,286.0,129.0,3.125,360.0,279.0,3.206,286.0,132.0,3.157,331.0,271.0,2.602,288.0,272.0,2.57,332.0,360.0,2.866,284.0,364.0,2.764,333.0,441.0,2.356,295.0,440.0,2.221,329.0,452.0,2.253,303.0,449.0,2.448,347.0,470.0,2.123,282.0,468.0,1.654,310.25,209.0,2.84925
310.0,100.0,3.273,313.0,93.0,3.514,316.0,93.0,3.436,319.0,94.0,3.362,305.0,93.0,3.514,302.0,94.0,3.455,300.0,94.0,3.455,322.0,99.0,3.534,297.0,100.0,3.455,317.0,109.0,3.141,305.0,108.0,3.019,347.0,148.0,3.004,277.0,143.0,2.488,355.0,215.0,2.764,255.0,196.0,3.173,363.0,267.0,2.947,261.0,136.0,2.99,367.0,283.0,3.079,260.0,123.0,3.11,362.0,283.0,3.11,264.0,118.0,3.11,359.0,279.0,3.049,266.0,123.0,3.125,331.0,270.0,2.602,289.0,271.0,2.591,332.0,360.0,2.853,284.0,365.0,2.74,333.0,441.0,2.356,295.0,441.0,2.144,329.0,452.0,2.253,303.0,449.0,2.448,345.0,470.0,2.19,281.0,469.0,1.65,311.0,208.0,2.67125
308.0,100.0,3.417,312.0,93.0,3.222,315.0,93.0,3.256,318.0,94.0,3.308,304.0,93.0,3.222,301.0,94.0,3.256,299.0,94.0,3.29,322.0,99.0,3.398,297.0,100.0,3.344,315.0,109.0,3.064,304.0,108.0,3.141,348.0,148.0,3.004,277.0,144.0,2.827,356.0,215.0,2.814,249.0,187.0,3.079,362.0,267.0,3.141,261.0,136.0,2.99,366.0,283.0,3.362,241.0,124.0,3.398,361.0,283.0,3.474,264.0,118.0,3.11,359.0,279.0,3.173,248.0,125.0,3.273,331.0,270.0,2.591,289.0,271.0,2.602,331.0,361.0,2.814,284.0,365.0,2.716,333.0,441.0,2.356,295.0,442.0,2.19,329.0,452.0,2.253,303.0,451.0,2.538,345.0,470.0,2.205,281.0,469.0,1.65,311.25,208.25,2.756
307.0,97.0,3.344,311.0,92.0,3.326,314.0,92.0,3.362,317.0,93.0,3.494,303.0,92.0,3.38,301.0,93.0,3.398,299.0,93.0,3.417,322.0,98.0,3.326,297.0,99.0,3.344,314.0,106.0,3.222,302.0,106.0,3.256,348.0,148.0,2.99,275.0,146.0,3.094,356.0,216.0,2.84,246.0,188.0,2.893,362.0,267.0,3.094,226.0,142.0,3.308,366.0,283.0,3.362,219.0,129.0,2.776,360.0,283.0,3.308,222.0,124.0,2.906,358.0,279.0,3.344,224.0,128.0,2.789,331.0,270.0,2.591,289.0,271.0,2.58,331.0,361.0,2.84,284.0,365.0,2.752,333.0,441.0,2.356,295.0,442.0,2.19,329.0,452.0,2.221,303.0,451.0,2.538,345.0,470.0,2.205,283.0,469.0,1.667,310.75,208.75,2.81375
307.0,97.0,3.344,311.0,90.0,3.436,314.0,91.0,3.398,317.0,91.0,3.29,303.0,91.0,3.38,301.0,92.0,3.326,299.0,92.0,3.239,321.0,98.0,3.38,297.0,99.0,3.273,314.0,105.0,3.308,302.0,105.0,3.256,348.0,148.0,3.362,273.0,147.0,3.474,357.0,216.0,3.004,246.0,198.0,2.458,362.0,267.0,2.933,212.0,157.0,3.034,365.0,284.0,2.976,219.0,129.0,2.776,360.0,284.0,3.064,204.0,143.0,3.436,358.0,280.0,3.034,208.0,146.0,3.29,331.0,270.0,2.58,290.0,271.0,2.591,331.0,362.0,2.879,284.0,365.0,2.716,333.0,441.0,2.356,295.0,442.0,2.159,329.0,452.0,2.221,303.0,451.0,2.538,345.0,470.0,2.205,284.0,469.0,1.672,310.5,209.0,3.0017500000000004
308.0,95.0,3.436,312.0,90.0,3.38,315.0,90.0,3.29,318.0,91.0,3.273,304.0,90.0,3.494,301.0,91.0,3.534,299.0,92.0,3.595,322.0,97.0,3.29,297.0,98.0,3.534,315.0,104.0,3.308,303.0,104.0,3.206,348.0,148.0,3.125,272.0,148.0,3.326,357.0,217.0,2.879,248.0,204.0,2.498,362.0,268.0,2.99,202.0,184.0,3.064,365.0,284.0,3.094,191.0,178.0,2.764,360.0,284.0,3.362,204.0,143.0,3.436,358.0,280.0,3.326,208.0,146.0,3.29,331.0,270.0,2.58,290.0,271.0,2.549,331.0,362.0,2.84,284.0,365.0,2.789,333.0,441.0,2.356,296.0,442.0,2.039,329.0,452.0,2.347,303.0,451.0,2.538,345.0,470.0,2.205,284.0,469.0,1.667,310.25,209.25,2.895
309.0,95.0,3.455,312.0,90.0,3.514,315.0,90.0,3.417,318.0,91.0,3.29,304.0,90.0,3.474,301.0,91.0,3.362,299.0,92.0,3.308,322.0,97.0,3.11,297.0,98.0,3.398,315.0,104.0,3.398,303.0,104.0,3.417,348.0,149.0,2.879,272.0,148.0,3.157,357.0,217.0,3.125,251.0,205.0,3.616,362.0,268.0,3.125,204.0,212.0,3.064,366.0,284.0,3.308,192.0,212.0,3.125,360.0,284.0,3.362,193.0,211.0,3.125,358.0,280.0,3.256,197.0,211.0,3.11,331.0,270.0,2.591,290.0,270.0,2.58,331.0,361.0,2.801,284.0,365.0,2.752,333.0,441.0,2.356,296.0,441.0,2.006,329.0,452.0,2.347,303.0,451.0,2.538,345.0,470.0,2.205,283.0,469.0,1.645,310.25,209.25,2.80175
309.0,95.0,3.769,313.0,90.0,3.554,315.0,91.0,3.574,318.0,91.0,3.554,304.0,90.0,3.702,302.0,91.0,3.724,299.0,92.0,3.702,322.0,97.0,3.222,297.0,98.0,3.68,315.0,105.0,3.094,303.0,105.0,3.157,348.0,149.0,3.125,272.0,148.0,3.239,357.0,217.0,3.079,252.0,207.0,2.893,362.0,268.0,2.961,214.0,232.0,2.906,367.0,284.0,3.049,200.0,241.0,2.933,361.0,284.0,3.125,201.0,240.0,2.947,359.0,280.0,3.11,205.0,238.0,2.976,331.0,270.0,2.602,290.0,271.0,2.538,331.0,361.0,2.789,283.0,365.0,2.789,333.0,441.0,2.356,295.0,441.0,2.205,329.0,452.0,2.347,303.0,450.0,2.41,343.0,471.0,2.213,283.0,469.0,1.65,310.25,209.5,2.876
309.0,96.0,3.256,313.0,90.0,3.049,316.0,91.0,3.004,318.0,91.0,3.004,305.0,90.0,3.189,302.0,91.0,3.189,299.0,92.0,3.173,322.0,97.0,3.724,297.0,98.0,3.29,315.0,105.0,3.494,304.0,105.0,3.222,348.0,149.0,3.034,272.0,148.0,3.004,357.0,217.0,3.004,252.0,209.0,3.344,363.0,268.0,3.034,227.0,247.0,2.99,367.0,284.0,3.079,218.0,259.0,3.019,361.0,284.0,3.125,220.0,260.0,3.004,359.0,280.0,3.239,223.0,256.0,3.079,331.0,270.0,2.613,289.0,270.0,2.559,331.0,361.0,2.801,283.0,365.0,2.752,333.0,441.0,2.356,296.0,441.0,2.144,329.0,452.0,2.347,303.0,450.0,2.41,344.0,470.0,2.137,283.0,469.0,1.676,310.0,209.25,2.8025
310.0,95.0,3.658,313.0,90.0,3.637,316.0,91.0,3.815,319.0,91.0,3.839,305.0,90.0,3.455,302.0,91.0,3.362,300.0,91.0,3.273,322.0,97.0,3.792,297.0,97.0,3.222,316.0,105.0,3.398,304.0,105.0,3.398,348.0,150.0,3.004,271.0,148.0,3.239,357.0,217.0,2.933,252.0,209.0,3.344,363.0,268.0,3.157,244.0,251.0,3.29,367.0,284.0,2.853,238.0,265.0,3.004,361.0,284.0,2.893,244.0,264.0,2.866,359.0,280.0,2.99,247.0,259.0,2.976,331.0,270.0,2.602,288.0,270.0,2.559,331.0,361.0,2.853,284.0,366.0,2.728,333.0,441.0,2.356,296.0,441.0,2.144,329.0,452.0,2.347,303.0,450.0,2.41,344.0,470.0,2.137,283.0,469.0,1.654,309.5,209.5,2.851
310.0,95.0,3.362,314.0,90.0,3.417,316.0,91.0,3.398,319.0,91.0,3.362,305.0,90.0,3.239,303.0,91.0,3.239,300.0,91.0,3.273,322.0,97.0,3.29,297.0,97.0,3.326,316.0,105.0,3.344,304.0,104.0,3.239,348.0,150.0,2.853,271.0,147.0,3.308,356.0,216.0,3.019,254.0,204.0,3.004,363.0,268.0,2.961,262.0,247.0,3.157,367.0,284.0,3.034,263.0,262.0,3.125,361.0,284.0,3.157,270.0,260.0,3.004,359.0,280.0,3.094,271.0,255.0,2.879,331.0,270.0,2.57,287.0,269.0,2.602,331.0,361.0,2.866,283.0,366.0,2.776,333.0,441.0,2.356,296.0,442.0,2.108,329.0,452.0,2.347,304.0,450.0,2.115,344.0,471.0,2.159,283.0,469.0,1.681,309.25,209.0,2.83325
310.0,95.0,3.125,314.0,90.0,3.189,316.0,90.0,3.173,319.0,91.0,3.189,306.0,90.0,3.222,303.0,90.0,3.206,300.0,91.0,3.206,322.0,97.0,3.222,297.0,97.0,3.173,316.0,105.0,3.049,304.0,104.0,3.049,347.0,150.0,2.893,271.0,147.0,2.716,356.0,217.0,2.947,253.0,203.0,3.173,363.0,268.0,2.893,273.0,235.0,2.827,367.0,283.0,3.034,280.0,245.0,2.613,361.0,284.0,2.879,286.0,241.0,2.57,359.0,279.0,2.764,285.0,237.0,2.58,330.0,269.0,2.58,287.0,268.0,2.602,331.0,362.0,2.814,283.0,365.0,2.764,333.0,441.0,2.356,296.0,441.0,2.27,329.0,452.0,2.347,304.0,450.0,2.338,344.0,471.0,2.159,283.0,469.0,1.637,308.75,208.5,2.69775
310.0,95.0,3.326,313.0,90.0,3.11,316.0,91.0,3.079,319.0,91.0,3.034,305.0,90.0,3.004,302.0,90.0,2.92,300.0,91.0,2.92,321.0,97.0,3.173,297.0,97.0,3.019,315.0,105.0,3.222,304.0,104.0,3.125,347.0,151.0,3.034,271.0,147.0,3.004,355.0,216.0,3.079,250.0,203.0,3.637,362.0,268.0,2.947,279.0,210.0,2.646,366.0,283.0,3.256,288.0,216.0,2.57,360.0,283.0,3.326,292.0,211.0,2.468,358.0,279.0,3.362,290.0,208.0,2.439,330.0,269.0,2.591,287.0,268.0,2.613,331.0,362.0,2.764,283.0,364.0,2.789,333.0,441.0,2.356,296.0,441.0,2.087,329.0,452.0,2.347,304.0,449.0,2.439,345.0,471.0,2.101,283.0,469.0,1.658,308.75,208.75,2.8105
309.0,96.0,3.29,312.0,90.0,3.125,315.0,91.0,3.173,318.0,91.0,3.157,305.0,90.0,3.004,301.0,91.0,2.99,299.0,91.0,2.99,321.0,98.0,3.034,296.0,97.0,3.326,314.0,105.0,3.514,303.0,105.0,3.534,346.0,149.0,3.256,271.0,146.0,3.079,353.0,216.0,2.893,248.0,201.0,3.222,361.0,269.0,3.173,277.0,185.0,2.669,364.0,284.0,3.157,287.0,181.0,2.57,359.0,284.0,3.206,290.0,175.0,2.658,358.0,280.0,3.273,289.0,176.0,2.646,330.0,269.0,2.58,286.0,270.0,2.58,330.0,362.0,2.789,283.0,364.0,2.764,333.0,441.0,2.356,296.0,441.0,2.144,329.0,452.0,2.347,304.0,449.0,2.439,346.0,470.0,2.115,282.0,469.0,1.637,308.25,208.5,2.87375
307.0,96.0,3.222,311.0,90.0,3.362,314.0,91.0,3.273,317.0,91.0,3.079,303.0,90.0,3.455,301.0,91.0,3.494,298.0,91.0,3.554,320.0,98.0,2.801,296.0,97.0,3.326,314.0,106.0,3.094,302.0,105.0,2.961,345.0,148.0,3.222,271.0,145.0,3.125,353.0,216.0,2.853,247.0,199.0,3.173,361.0,268.0,2.827,275.0,159.0,2.906,364.0,284.0,3.125,283.0,151.0,3.049,359.0,284.0,3.141,286.0,147.0,3.079,357.0,280.0,3.206,285.0,149.0,3.079,329.0,270.0,2.57,285.0,272.0,2.602,330.0,362.0,2.853,283.0,364.0,2.776,333.0,441.0,2.356,296.0,441.0,2.13,328.0,452.0,2.198,304.0,449.0,2.439,346.0,470.0,2.115,283.0,469.0,1.615,307.5,208.75,2.87975
307.0,97.0,3.308,311.0,91.0,2.99,314.0,91.0,3.064,317.0,92.0,3.064,303.0,91.0,2.84,300.0,91.0,2.814,298.0,92.0,2.827,320.0,98.0,3.189,295.0,98.0,3.094,314.0,106.0,3.273,302.0,106.0,3.141,345.0,149.0,2.947,271.0,145.0,2.893,353.0,217.0,2.879,247.0,195.0,3.094,360.0,269.0,3.004,265.0,145.0,2.961,364.0,284.0,3.064,266.0,133.0,3.019,359.0,284.0,2.961,270.0,128.0,3.222,357.0,280.0,3.034,271.0,132.0,3.125,328.0,271.0,2.58,286.0,272.0,2.602,330.0,362.0,2.801,283.0,365.0,2.752,333.0,441.0,2.356,296.0,441.0,2.115,328.0,452.0,2.198,303.0,450.0,2.498,346.0,470.0,2.115,283.0,469.0,1.654,307.5,209.25,2.7555
308.0,99.0,3.637,311.0,92.0,3.308,314.0,93.0,3.273,317.0,93.0,3.11,303.0,92.0,3.157,300.0,92.0,3.141,298.0,93.0,3.206,320.0,99.0,3.256,295.0,99.0,3.554,314.0,107.0,3.222,303.0,107.0,3.308,345.0,149.0,2.801,272.0,145.0,2.383,353.0,217.0,2.789,245.0,187.0,2.976,360.0,269.0,3.173,244.0,136.0,3.004,363.0,284.0,2.906,241.0,120.0,3.616,358.0,284.0,3.004,245.0,117.0,3.417,356.0,280.0,3.094,248.0,121.0,3.362,328.0,271.0,2.57,286.0,272.0,2.58,330.0,362.0,2.84,283.0,365.0,2.764,333.0,441.0,2.356,296.0,441.0,2.0,329.0,452.0,2.338,303.0,450.0,2.498,346.0,470.0,2.115,283.0,469.0,1.641,307.75,209.25,2.5835
307.0,98.0,3.256,311.0,92.0,3.239,314.0,92.0,3.344,316.0,93.0,3.326,302.0,92.0,3.157,300.0,92.0,3.222,297.0,93.0,3.344,320.0,98.0,3.38,295.0,99.0,3.344,313.0,107.0,3.344,302.0,106.0,3.362,345.0,149.0,2.99,272.0,145.0,3.049,353.0,217.0,2.976,245.0,186.0,2.498,360.0,269.0,2.976,227.0,136.0,3.308,363.0,284.0,2.906,221.0,122.0,3.68,358.0,285.0,3.034,223.0,118.0,3.616,356.0,281.0,2.961,226.0,122.0,3.574,329.0,271.0,2.57,286.0,271.0,2.57,330.0,361.0,2.84,283.0,364.0,2.789,333.0,441.0,2.356,295.0,441.0,2.115,329.0,452.0,2.338,303.0,450.0,2.498,346.0,470.0,2.115,283.0,469.0,1.685,308.0,209.0,2.79475
306.0,97.0,3.308,310.0,91.0,2.947,313.0,92.0,2.947,316.0,92.0,2.99,302.0,91.0,3.049,299.0,92.0,3.206,297.0,92.0,3.326,320.0,98.0,3.141,295.0,98.0,3.436,313.0,106.0,3.616,301.0,106.0,3.38,345.0,149.0,2.74,272.0,146.0,3.326,353.0,217.0,2.827,245.0,190.0,2.538,360.0,269.0,3.11,211.0,141.0,3.637,363.0,285.0,3.079,201.0,129.0,3.38,358.0,285.0,3.094,204.0,125.0,3.417,356.0,281.0,3.064,208.0,129.0,3.474,329.0,270.0,2.57,287.0,271.0,2.57,330.0,361.0,2.92,283.0,364.0,2.789,333.0,441.0,2.356,295.0,441.0,2.115,329.0,452.0,2.338,303.0,450.0,2.498,346.0,470.0,2.115,283.0,469.0,1.676,308.25,209.0,2.8015000000000003
307.0,96.0,3.417,311.0,91.0,3.417,314.0,91.0,3.344,317.0,92.0,3.125,303.0,91.0,3.38,300.0,91.0,3.344,297.0,92.0,3.38,320.0,98.0,2.947,295.0,98.0,3.637,314.0,105.0,3.344,302.0,105.0,3.398,346.0,149.0,3.222,271.0,146.0,3.222,354.0,217.0,2.933,245.0,197.0,2.498,360.0,269.0,3.125,200.0,162.0,3.094,364.0,284.0,3.256,186.0,154.0,3.079,358.0,285.0,3.29,188.0,150.0,3.173,357.0,281.0,3.273,193.0,153.0,3.173,329.0,270.0,2.57,287.0,270.0,2.613,330.0,361.0,2.827,283.0,364.0,2.752,333.0,441.0,2.356,295.0,440.0,2.144,329.0,452.0,2.338,303.0,450.0,2.498,343.0,470.0,2.032,284.0,468.0,1.681,308.25,208.75,2.90675
309.0,96.0,2.933,312.0,91.0,2.906,315.0,91.0,2.827,317.0,92.0,2.814,304.0,90.0,2.99,301.0,91.0,2.99,298.0,91.0,2.961,320.0,98.0,3.034,295.0,98.0,2.976,315.0,105.0,3.034,303.0,105.0,2.92,346.0,150.0,3.141,270.0,147.0,3.595,354.0,217.0,2.893,245.0,200.0,2.458,360.0,268.0,3.004,194.0,185.0,3.362,364.0,284.0,3.157,178.0,182.0,3.455,359.0,284.0,3.094,188.0,150.0,3.173,357.0,280.0,3.079,193.0,153.0,3.173,329.0,270.0,2.58,287.0,270.0,2.57,330.0,361.0,2.827,283.0,364.0,2.764,333.0,441.0,2.356,295.0,440.0,2.046,329.0,452.0,2.338,303.0,449.0,2.0,343.0,470.0,2.032,283.0,468.0,1.658,308.0,209.25,2.9715000000000003
309.0,96.0,3.702,312.0,91.0,3.417,315.0,91.0,3.308,318.0,92.0,3.273,304.0,90.0,3.398,301.0,91.0,3.38,299.0,91.0,3.362,320.0,98.0,3.702,295.0,98.0,3.574,315.0,105.0,3.637,303.0,105.0,3.792,346.0,150.0,3.29,270.0,148.0,3.004,354.0,217.0,3.019,246.0,201.0,3.417,361.0,268.0,3.079,198.0,209.0,2.866,365.0,284.0,2.814,185.0,212.0,2.84,359.0,284.0,2.866,186.0,210.0,2.801,357.0,280.0,2.947,191.0,210.0,2.84,329.0,270.0,2.58,288.0,271.0,2.549,330.0,361.0,2.814,283.0,365.0,2.776,333.0,441.0,2.356,295.0,440.0,2.046,329.0,452.0,2.338,303.0,449.0,2.0,343.0,470.0,2.006,282.0,468.0,1.672,308.25,209.75,2.85575
309.0,96.0,3.534,312.0,91.0,3.417,315.0,91.0,3.308,318.0,92.0,3.273,304.0,90.0,3.398,301.0,91.0,3.38,299.0,91.0,3.362,320.0,98.0,3.417,295.0,98.0,3.38,315.0,105.0,3.344,303.0,105.0,3.189,347.0,150.0,3.189,270.0,148.0,3.173,355.0,217.0,3.11,247.0,200.0,3.68,361.0,268.0,2.74,214.0,231.0,3.189,366.0,284.0,2.947,204.0,240.0,3.079,360.0,284.0,2.92,206.0,240.0,3.079,357.0,280.0,2.933,210.0,238.0,3.019,330.0,270.0,2.591,288.0,271.0,2.58,330.0,361.0,2.84,283.0,365.0,2.752,333.0,441.0,2.356,295.0,441.0,2.101,329.0,452.0,2.338,303.0,449.0,2.0,343.0,470.0,2.006,282.0,468.0,1.641,308.75,209.75,2.88325
310.0,96.0,3.141,313.0,91.0,3.079,315.0,91.0,3.034,318.0,92.0,3.004,305.0,91.0,3.256,302.0,91.0,3.308,300.0,91.0,3.344,320.0,98.0,3.064,296.0,98.0,3.239,315.0,105.0,3.308,304.0,105.0,3.474,347.0,150.0,3.206,270.0,148.0,3.455,355.0,217.0,2.853,249.0,200.0,3.019,361.0,268.0,3.11,235.0,246.0,2.99,366.0,284.0,3.079,229.0,258.0,2.801,360.0,284.0,3.019,234.0,258.0,2.752,357.0,280.0,3.034,237.0,253.0,2.84,330.0,270.0,2.613,288.0,269.0,2.57,330.0,361.0,2.827,283.0,365.0,2.789,333.0,441.0,2.356,296.0,441.0,2.019,329.0,452.0,2.338,303.0,449.0,2.245,344.0,471.0,1.987,283.0,468.0,1.676,308.75,209.25,2.961
310.0,96.0,3.398,314.0,91.0,3.534,316.0,91.0,3.308,318.0,92.0,3.141,306.0,91.0,4.174,303.0,91.0,3.911,300.0,91.0,3.574,320.0,98.0,2.893,296.0,97.0,3.064,315.0,105.0,3.173,305.0,105.0,3.239,347.0,150.0,3.049,270.0,147.0,3.206,355.0,217.0,2.789,249.0,200.0,3.474,361.0,268.0,3.11,258.0,245.0,2.801,365.0,284.0,3.222,258.0,259.0,2.84,359.0,284.0,3.239,264.0,257.0,2.681,357.0,280.0,3.29,266.0,253.0,2.591,330.0,270.0,2.549,287.0,269.0,2.58,330.0,361.0,2.801,282.0,366.0,2.728,333.0,441.0,2.356,296.0,441.0,2.073,329.0,452.0,2.338,303.0,449.0,2.245,345.0,471.0,2.026,283.0,468.0,1.676,308.5,209.0,2.846
311.0,96.0,3.157,314.0,91.0,3.189,316.0,91.0,3.189,318.0,92.0,3.189,306.0,91.0,3.222,303.0,91.0,3.222,300.0,91.0,3.189,321.0,98.0,3.206,296.0,97.0,2.906,315.0,106.0,3.398,305.0,105.0,3.173,347.0,150.0,3.125,270.0,147.0,3.034,355.0,217.0,2.84,248.0,201.0,2.789,361.0,268.0,2.814,275.0,235.0,3.034,365.0,284.0,3.034,282.0,248.0,2.58,359.0,284.0,3.157,288.0,243.0,2.549,357.0,279.0,3.019,287.0,238.0,2.57,330.0,269.0,2.549,287.0,268.0,2.58,330.0,361.0,2.801,282.0,365.0,2.789,333.0,441.0,2.356,296.0,441.0,2.019,329.0,452.0,2.338,303.0,449.0,2.245,345.0,471.0,2.032,283.0,469.0,1.667,308.5,208.5,2.822
310.0,97.0,3.239,313.0,91.0,3.474,316.0,92.0,3.38,318.0,92.0,3.362,305.0,91.0,3.398,302.0,91.0,3.362,300.0,92.0,3.326,320.0,98.0,3.38,296.0,98.0,3.38,315.0,106.0,3.436,304.0,106.0,3.206,346.0,150.0,3.034,270.0,147.0,3.094,355.0,216.0,2.853,247.0,200.0,2.692,361.0,267.0,3.049,286.0,206.0,2.602,364.0,283.0,3.157,294.0,212.0,2.591,359.0,283.0,3.125,298.0,206.0,2.468,357.0,279.0,3.11,297.0,204.0,2.448,330.0,268.0,2.57,287.0,267.0,2.58,330.0,361.0,2.801,283.0,364.0,2.752,333.0,441.0,2.356,296.0,441.0,2.019,329.0,452.0,2.338,303.0,449.0,2.42,345.0,471.0,2.032,283.0,468.0,1.676,308.25,208.0,2.8195
309.0,99.0,3.308,312.0,92.0,3.094,315.0,92.0,3.125,318.0,93.0,3.094,304.0,92.0,3.273,301.0,92.0,3.308,299.0,93.0,3.308,320.0,98.0,3.019,295.0,98.0,3.222,314.0,108.0,3.273,303.0,108.0,3.308,345.0,150.0,3.064,270.0,146.0,2.947,354.0,215.0,2.74,246.0,199.0,3.094,361.0,268.0,3.141,283.0,180.0,2.635,364.0,284.0,3.049,293.0,176.0,2.591,359.0,284.0,3.141,297.0,169.0,2.692,357.0,279.0,3.125,296.0,170.0,2.681,330.0,269.0,2.602,286.0,270.0,2.549,330.0,361.0,2.84,283.0,365.0,2.716,333.0,441.0,2.356,296.0,441.0,2.13,329.0,452.0,2.338,303.0,449.0,2.42,345.0,471.0,2.032,283.0,468.0,1.667,307.75,208.75,2.7905
307.0,100.0,3.417,311.0,93.0,3.222,314.0,93.0,3.173,317.0,93.0,3.079,303.0,93.0,3.049,300.0,93.0,2.961,297.0,94.0,2.99,319.0,99.0,3.239,295.0,99.0,3.273,314.0,109.0,3.222,302.0,108.0,3.064,344.0,148.0,3.362,271.0,146.0,3.256,353.0,215.0,3.049,246.0,198.0,2.906,360.0,268.0,3.125,278.0,157.0,2.814,363.0,284.0,3.206,286.0,148.0,3.004,358.0,284.0,3.094,289.0,144.0,2.947,356.0,280.0,3.019,288.0,146.0,2.976,329.0,270.0,2.591,286.0,272.0,2.602,330.0,361.0,2.866,283.0,366.0,2.752,333.0,441.0,2.356,296.0,441.0,2.13,329.0,452.0,2.338,303.0,449.0,2.42,347.0,470.0,1.981,282.0,469.0,1.641,307.5,209.0,2.95275
307.0,100.0,3.616,311.0,93.0,3.222,314.0,93.0,3.239,316.0,94.0,3.239,302.0,93.0,3.344,299.0,93.0,3.38,297.0,94.0,3.417,319.0,99.0,3.222,294.0,100.0,3.574,313.0,109.0,3.019,302.0,108.0,3.064,344.0,148.0,3.141,272.0,146.0,2.498,354.0,216.0,3.019,247.0,197.0,3.064,359.0,268.0,3.049,267.0,145.0,2.635,363.0,284.0,3.034,269.0,133.0,3.206,358.0,284.0,2.906,272.0,128.0,3.344,356.0,280.0,2.893,273.0,132.0,3.141,329.0,270.0,2.559,287.0,272.0,2.613,330.0,362.0,2.801,283.0,366.0,2.74,333.0,441.0,2.356,296.0,441.0,2.019,329.0,452.0,2.338,303.0,449.0,2.42,347.0,470.0,1.981,282.0,469.0,1.676,308.0,209.0,2.70275
307.0,100.0,3.308,310.0,93.0,3.239,313.0,94.0,3.173,316.0,94.0,3.157,302.0,93.0,3.256,299.0,94.0,3.239,297.0,94.0,3.239,319.0,99.0,3.125,294.0,100.0,3.362,313.0,109.0,3.29,302.0,109.0,3.702,345.0,148.0,3.189,272.0,146.0,2.528,354.0,216.0,2.853,245.0,194.0,2.933,359.0,268.0,3.094,249.0,142.0,3.724,363.0,284.0,3.157,245.0,128.0,3.239,357.0,284.0,3.125,250.0,123.0,3.494,355.0,280.0,3.11,252.0,128.0,3.344,329.0,270.0,2.57,288.0,272.0,2.57,330.0,362.0,2.814,283.0,366.0,2.74,333.0,441.0,2.356,296.0,441.0,2.159,329.0,452.0,2.338,304.0,450.0,2.221,345.0,470.0,2.144,283.0,469.0,1.667,308.5,209.0,2.7142500000000003
307.0,100.0,3.574,311.0,93.0,3.616,313.0,94.0,3.574,316.0,94.0,3.494,302.0,93.0,3.362,299.0,94.0,3.326,297.0,94.0,3.308,319.0,99.0,3.455,294.0,100.0,3.398,313.0,109.0,3.436,302.0,108.0,3.222,345.0,148.0,3.004,272.0,146.0,2.99,355.0,216.0,3.094,245.0,192.0,2.681,359.0,268.0,2.961,234.0,144.0,2.866,363.0,284.0,3.094,228.0,131.0,2.99,357.0,284.0,3.034,232.0,126.0,2.947,355.0,280.0,3.004,236.0,130.0,2.866,329.0,270.0,2.559,288.0,271.0,2.549,331.0,362.0,2.827,283.0,366.0,2.74,333.0,441.0,2.356,296.0,441.0,2.101,329.0,452.0,2.338,304.0,450.0,2.221,345.0,470.0,2.066,283.0,469.0,1.663,308.5,208.75,2.7755
307.0,99.0,3.094,310.0,93.0,3.004,313.0,93.0,3.019,316.0,93.0,3.079,302.0,93.0,3.034,299.0,93.0,3.034,297.0,94.0,3.034,319.0,99.0,3.38,294.0,100.0,3.157,313.0,108.0,3.308,302.0,108.0,3.157,346.0,148.0,2.801,272.0,146.0,2.99,355.0,216.0,2.976,245.0,195.0,2.635,359.0,268.0,2.752,210.0,154.0,3.417,363.0,284.0,3.38,198.0,143.0,3.326,358.0,284.0,3.173,200.0,140.0,3.38,356.0,280.0,2.961,205.0,144.0,3.38,329.0,270.0,2.57,288.0,271.0,2.57,331.0,362.0,2.866,283.0,366.0,2.74,333.0,441.0,2.356,296.0,441.0,2.101,328.0,450.0,2.356,304.0,450.0,2.221,345.0,470.0,2.066,283.0,469.0,1.663,308.75,208.75,2.73275
307.0,98.0,3.554,310.0,92.0,3.362,313.0,92.0,3.362,316.0,93.0,3.326,302.0,92.0,3.173,299.0,93.0,3.141,297.0,93.0,3.125,319.0,99.0,3.417,294.0,99.0,3.256,313.0,107.0,3.514,302.0,107.0,3.362,346.0,148.0,2.99,270.0,148.0,3.839,355.0,216.0,2.879,246.0,201.0,2.478,360.0,267.0,3.157,198.0,178.0,3.494,364.0,284.0,3.004,184.0,173.0,3.514,358.0,284.0,3.019,200.0,140.0,3.38,356.0,279.0,3.157,190.0,172.0,3.574,329.0,270.0,2.57,288.0,271.0,2.549,331.0,362.0,2.879,283.0,366.0,2.728,333.0,441.0,2.356,297.0,441.0,2.174,328.0,450.0,2.356,304.0,450.0,2.221,345.0,470.0,2.066,283.0,469.0,1.658,308.25,209.25,2.987
307.0,97.0,3.239,311.0,91.0,3.079,313.0,92.0,3.11,316.0,92.0,3.064,302.0,91.0,3.125,299.0,92.0,3.173,297.0,92.0,3.222,319.0,98.0,3.189,294.0,98.0,3.436,313.0,106.0,3.554,302.0,106.0,3.554,346.0,149.0,3.049,269.0,149.0,2.947,355.0,216.0,2.84,247.0,204.0,3.094,360.0,267.0,2.99,199.0,207.0,3.362,364.0,284.0,2.84,186.0,209.0,3.064,358.0,284.0,2.866,186.0,208.0,3.079,356.0,279.0,3.049,191.0,207.0,3.173,330.0,270.0,2.613,288.0,271.0,2.549,331.0,362.0,2.814,283.0,366.0,2.728,333.0,441.0,2.356,297.0,441.0,2.026,328.0,450.0,2.356,304.0,450.0,2.221,345.0,470.0,2.066,283.0,469.0,1.672,308.25,209.75,2.7895
307.0,96.0,3.534,310.0,91.0,3.398,313.0,91.0,3.417,316.0,92.0,3.398,302.0,91.0,3.29,299.0,91.0,3.308,297.0,92.0,3.38,319.0,98.0,3.417,294.0,98.0,3.637,313.0,105.0,3.417,301.0,105.0,3.494,346.0,149.0,3.29,269.0,149.0,3.222,355.0,216.0,2.906,247.0,204.0,3.094,360.0,267.0,2.776,213.0,230.0,2.827,364.0,283.0,3.273,200.0,237.0,3.049,359.0,283.0,3.273,201.0,236.0,3.064,356.0,279.0,3.157,205.0,234.0,3.064,330.0,270.0,2.591,288.0,271.0,2.635,331.0,362.0,2.879,283.0,366.0,2.764,333.0,441.0,2.356,296.0,441.0,2.237,328.0,450.0,2.356,304.0,450.0,2.221,345.0,471.0,2.123,283.0,468.0,1.676,308.25,209.75,2.9345000000000003
307.0,96.0,3.534,310.0,90.0,3.417,313.0,91.0,3.417,316.0,91.0,3.38,302.0,90.0,3.308,299.0,91.0,3.417,297.0,91.0,3.436,319.0,98.0,3.034,294.0,97.0,3.256,313.0,105.0,3.079,301.0,105.0,3.019,346.0,149.0,2.99,269.0,149.0,3.344,355.0,217.0,3.079,252.0,207.0,3.173,360.0,268.0,3.079,232.0,243.0,3.141,364.0,284.0,2.853,223.0,254.0,3.064,359.0,284.0,2.893,225.0,254.0,3.064,357.0,280.0,2.976,229.0,250.0,3.079,329.0,271.0,2.591,288.0,271.0,2.591,330.0,362.0,2.801,283.0,366.0,2.752,333.0,441.0,2.356,296.0,441.0,2.245,328.0,450.0,2.356,304.0,451.0,2.439,345.0,472.0,2.073,283.0,468.0,1.654,308.0,210.0,2.8790000000000004
307.0,96.0,3.534,310.0,90.0,3.417,313.0,91.0,3.417,316.0,91.0,3.079,303.0,90.0,3.049,300.0,90.0,3.019,297.0,91.0,2.976,319.0,97.0,3.094,294.0,97.0,3.049,313.0,105.0,3.534,301.0,104.0,3.157,346.0,149.0,3.034,269.0,149.0,3.094,355.0,217.0,2.681,253.0,205.0,3.019,360.0,269.0,3.125,253.0,246.0,3.034,363.0,284.0,3.141,251.0,259.0,3.11,358.0,284.0,3.079,257.0,257.0,3.125,356.0,280.0,3.11,259.0,253.0,3.11,329.0,271.0,2.591,286.0,271.0,2.58,330.0,363.0,2.801,283.0,366.0,2.716,333.0,441.0,2.356,296.0,441.0,2.144,328.0,450.0,2.356,304.0,451.0,2.439,344.0,473.0,2.026,284.0,468.0,1.681,307.5,210.0,2.8247500000000003
307.0,95.0,3.079,311.0,90.0,3.222,313.0,90.0,3.256,316.0,91.0,3.222,303.0,90.0,3.189,300.0,90.0,3.398,297.0,91.0,3.554,319.0,97.0,2.99,294.0,97.0,3.344,313.0,105.0,3.079,301.0,104.0,3.173,346.0,149.0,3.125,269.0,148.0,2.933,355.0,216.0,3.034,254.0,204.0,3.29,360.0,269.0,2.92,273.0,241.0,2.893,363.0,284.0,3.326,278.0,251.0,2.692,357.0,284.0,3.222,284.0,251.0,2.602,356.0,280.0,3.094,284.0,246.0,2.559,329.0,270.0,2.591,286.0,269.0,2.591,330.0,363.0,2.789,283.0,365.0,2.776,333.0,441.0,2.356,296.0,441.0,2.137,329.0,454.0,2.167,304.0,451.0,2.439,345.0,473.0,2.006,284.0,469.0,1.658,307.5,209.0,2.8100000000000005
307.0,95.0,3.064,311.0,90.0,3.239,313.0,90.0,3.239,316.0,91.0,3.239,302.0,90.0,3.239,299.0,90.0,3.273,297.0,91.0,3.256,319.0,97.0,3.239,294.0,97.0,3.173,313.0,105.0,3.326,301.0,104.0,3.222,345.0,150.0,3.125,269.0,147.0,2.961,354.0,216.0,3.004,254.0,203.0,2.681,360.0,268.0,3.004,288.0,213.0,2.57,363.0,284.0,3.173,295.0,222.0,2.559,357.0,283.0,3.256,300.0,216.0,2.488,356.0,279.0,3.206,298.0,214.0,2.458,329.0,269.0,2.57,286.0,268.0,2.613,330.0,363.0,2.814,283.0,364.0,2.764,333.0,441.0,2.356,296.0,441.0,2.019,329.0,454.0,2.182,304.0,450.0,2.167,345.0,472.0,2.073,284.0,469.0,1.658,307.25,208.5,2.81725
306.0,97.0,2.976,310.0,90.0,2.976,313.0,91.0,2.933,316.0,91.0,2.99,301.0,91.0,3.034,298.0,91.0,3.079,296.0,92.0,3.094,319.0,97.0,3.239,293.0,97.0,3.11,312.0,106.0,3.034,300.0,106.0,3.222,345.0,149.0,2.976,269.0,147.0,3.222,353.0,216.0,2.933,253.0,203.0,2.893,359.0,269.0,3.094,288.0,185.0,2.57,362.0,284.0,2.827,297.0,181.0,2.498,357.0,284.0,2.866,301.0,175.0,2.646,355.0,280.0,2.99,299.0,176.0,2.646,329.0,270.0,2.591,284.0,271.0,2.602,330.0,363.0,2.776,283.0,364.0,2.752,333.0,441.0,2.356,296.0,441.0,2.019,329.0,453.0,2.237,304.0,450.0,2.167,345.0,471.0,2.013,283.0,469.0,1.624,306.75,209.25,2.8477500000000004
306.0,98.0,3.494,310.0,91.0,3.189,313.0,91.0,3.206,315.0,92.0,3.29,301.0,91.0,3.141,298.0,92.0,3.206,296.0,93.0,3.308,318.0,98.0,3.68,293.0,98.0,3.595,312.0,107.0,3.38,300.0,107.0,3.595,345.0,149.0,3.273,269.0,147.0,3.222,353.0,216.0,3.094,253.0,202.0,3.474,358.0,270.0,3.189,288.0,185.0,2.57,360.0,285.0,3.034,284.0,145.0,3.034,355.0,284.0,3.094,284.0,141.0,3.019,354.0,280.0,3.189,284.0,144.0,3.034,328.0,271.0,2.559,285.0,272.0,2.58,330.0,362.0,2.814,283.0,365.0,2.74,333.0,441.0,2.356,296.0,441.0,2.019,329.0,453.0,2.237,304.0,450.0,2.167,345.0,471.0,1.993,283.0,469.0,1.663,306.75,209.75,2.9085
306.0,98.0,3.079,310.0,91.0,3.173,313.0,91.0,3.189,315.0,92.0,3.141,302.0,91.0,3.049,299.0,92.0,3.019,296.0,93.0,3.094,318.0,98.0,3.11,293.0,98.0,3.29,312.0,107.0,3.308,301.0,106.0,3.308,345.0,148.0,3.125,271.0,146.0,2.801,353.0,216.0,2.84,252.0,200.0,3.034,357.0,270.0,2.591,256.0,147.0,3.256,360.0,285.0,2.99,255.0,135.0,3.362,355.0,285.0,2.99,259.0,129.0,3.38,353.0,281.0,3.004,260.0,134.0,3.362,329.0,271.0,2.57,286.0,272.0,2.591,330.0,363.0,2.827,283.0,366.0,2.728,333.0,441.0,2.356,296.0,441.0,2.052,329.0,451.0,2.365,304.0,450.0,2.167,345.0,471.0,2.108,282.0,469.0,1.672,307.75,209.25,2.77175
307.0,98.0,3.206,311.0,92.0,3.206,313.0,92.0,3.206,316.0,93.0,3.239,302.0,92.0,3.206,299.0,92.0,3.222,297.0,93.0,3.239,319.0,98.0,3.256,293.0,98.0,3.222,313.0,107.0,3.455,302.0,107.0,3.239,345.0,149.0,3.034,271.0,146.0,2.801,354.0,216.0,3.034,251.0,195.0,2.728,357.0,269.0,3.273,241.0,147.0,3.079,360.0,285.0,3.157,235.0,132.0,3.616,355.0,285.0,3.125,239.0,127.0,3.29,353.0,281.0,3.173,242.0,132.0,3.455,329.0,271.0,2.57,287.0,272.0,2.549,330.0,362.0,2.801,283.0,366.0,2.752,333.0,441.0,2.356,296.0,441.0,1.993,329.0,451.0,2.365,303.0,450.0,1.856,345.0,471.0,2.066,282.0,469.0,1.628,308.0,209.5,2.7385
307.0,96.0,2.976,310.0,90.0,3.474,313.0,91.0,3.455,316.0,91.0,3.474,302.0,91.0,3.256,299.0,91.0,3.222,297.0,92.0,3.239,319.0,97.0,3.11,294.0,98.0,3.094,313.0,105.0,3.019,302.0,105.0,2.893,346.0,148.0,2.976,272.0,147.0,3.595,354.0,217.0,2.893,250.0,195.0,2.468,357.0,269.0,3.157,223.0,149.0,3.308,360.0,285.0,3.11,215.0,137.0,3.637,355.0,285.0,3.125,217.0,132.0,3.616,353.0,281.0,3.189,220.0,136.0,3.769,329.0,271.0,2.591,288.0,272.0,2.57,330.0,362.0,2.801,283.0,366.0,2.752,333.0,441.0,2.356,296.0,441.0,1.993,329.0,451.0,2.365,303.0,450.0,1.856,345.0,471.0,2.026,282.0,469.0,1.672,308.75,209.5,2.933
307.0,95.0,3.308,311.0,90.0,3.38,313.0,90.0,3.417,316.0,91.0,3.455,302.0,90.0,3.189,299.0,91.0,3.173,297.0,92.0,3.189,319.0,97.0,3.273,294.0,97.0,3.273,313.0,104.0,3.273,302.0,104.0,3.125,346.0,148.0,3.125,271.0,148.0,2.866,355.0,217.0,3.064,250.0,195.0,2.468,358.0,270.0,3.308,209.0,160.0,2.814,360.0,285.0,3.326,196.0,150.0,3.206,355.0,285.0,3.326,197.0,147.0,3.29,354.0,281.0,3.308,203.0,149.0,3.141,329.0,271.0,2.57,288.0,272.0,2.538,330.0,363.0,2.789,283.0,366.0,2.728,333.0,441.0,2.356,295.0,441.0,2.013,329.0,452.0,2.213,303.0,450.0,1.856,345.0,471.0,2.0,282.0,469.0,1.667,308.5,209.75,2.77475
308.0,95.0,3.141,311.0,90.0,3.141,314.0,90.0,3.141,316.0,91.0,3.141,303.0,90.0,3.141,300.0,91.0,3.125,297.0,91.0,3.189,319.0,97.0,3.11,294.0,97.0,3.326,314.0,104.0,3.637,302.0,104.0,2.814,346.0,148.0,2.879,270.0,148.0,2.692,355.0,218.0,3.173,251.0,205.0,2.508,358.0,270.0,2.752,198.0,184.0,3.239,361.0,285.0,3.049,183.0,178.0,3.534,355.0,285.0,3.11,184.0,175.0,3.494,354.0,281.0,3.049,189.0,176.0,3.398,329.0,272.0,2.591,288.0,272.0,2.559,330.0,363.0,2.801,283.0,366.0,2.74,333.0,441.0,2.356,295.0,441.0,1.981,329.0,452.0,2.213,303.0,450.0,2.026,345.0,471.0,2.026,282.0,469.0,1.641,308.25,210.0,2.68025
308.0,95.0,3.494,311.0,90.0,3.595,314.0,90.0,3.595,317.0,91.0,3.554,303.0,90.0,3.494,300.0,91.0,3.455,297.0,91.0,3.455,319.0,97.0,3.239,294.0,97.0,3.308,314.0,105.0,3.273,302.0,104.0,3.064,346.0,148.0,2.776,270.0,148.0,3.273,355.0,218.0,2.92,251.0,206.0,2.961,358.0,270.0,3.064,196.0,210.0,2.704,361.0,285.0,3.308,182.0,212.0,2.624,356.0,285.0,3.308,182.0,210.0,2.57,354.0,281.0,3.157,187.0,210.0,2.646,330.0,272.0,2.602,288.0,272.0,2.58,330.0,363.0,2.789,283.0,366.0,2.74,333.0,441.0,2.356,295.0,441.0,2.013,329.0,452.0,2.213,303.0,450.0,2.374,345.0,471.0,2.059,282.0,469.0,1.645,308.5,210.0,2.80775
309.0,96.0,3.019,312.0,90.0,3.11,314.0,90.0,3.125,317.0,91.0,3.049,303.0,90.0,3.11,300.0,91.0,3.094,297.0,91.0,3.094,319.0,97.0,3.034,294.0,97.0,3.189,314.0,105.0,3.079,302.0,104.0,3.064,347.0,148.0,3.173,270.0,149.0,3.206,355.0,218.0,2.789,252.0,209.0,3.079,358.0,270.0,2.74,207.0,233.0,2.853,362.0,285.0,2.961,194.0,242.0,2.624,356.0,285.0,3.049,195.0,241.0,2.624,354.0,281.0,2.92,199.0,239.0,2.646,330.0,272.0,2.58,288.0,272.0,2.57,330.0,363.0,2.789,283.0,367.0,2.728,333.0,441.0,2.356,295.0,441.0,2.108,329.0,452.0,2.213,303.0,450.0,2.559,345.0,471.0,2.013,282.0,469.0,1.667,308.75,210.25,2.88225
309.0,96.0,3.326,312.0,90.0,3.362,315.0,91.0,3.474,317.0,91.0,3.049,304.0,90.0,3.094,301.0,91.0,3.064,298.0,91.0,3.11,319.0,97.0,3.455,294.0,97.0,3.173,314.0,105.0,3.125,303.0,105.0,3.125,347.0,149.0,2.893,270.0,149.0,2.933,355.0,218.0,2.976,253.0,212.0,3.308,359.0,269.0,2.84,227.0,248.0,3.173,362.0,285.0,3.273,218.0,261.0,3.362,356.0,285.0,3.189,220.0,261.0,3.38,355.0,281.0,2.99,223.0,256.0,3.398,330.0,272.0,2.57,288.0,272.0,2.549,330.0,363.0,2.801,283.0,367.0,2.704,333.0,441.0,2.356,295.0,441.0,2.039,329.0,452.0,2.213,303.0,450.0,2.559,345.0,471.0,2.032,282.0,469.0,1.667,308.75,210.5,2.73625
309.0,95.0,3.534,312.0,90.0,3.398,315.0,90.0,3.308,317.0,91.0,3.222,304.0,90.0,3.256,301.0,90.0,3.173,298.0,91.0,3.173,320.0,97.0,3.273,294.0,97.0,3.141,314.0,105.0,3.534,303.0,104.0,3.004,347.0,149.0,2.853,270.0,149.0,3.11,355.0,218.0,2.947,253.0,212.0,3.308,359.0,270.0,2.752,249.0,256.0,3.157,362.0,285.0,2.906,241.0,271.0,3.239,356.0,285.0,2.976,247.0,271.0,3.173,355.0,281.0,2.99,250.0,266.0,3.094,330.0,272.0,2.58,287.0,272.0,2.549,330.0,363.0,2.801,283.0,367.0,2.716,333.0,441.0,2.356,295.0,441.0,2.094,329.0,452.0,2.213,303.0,450.0,2.559,345.0,472.0,2.032,282.0,469.0,1.654,308.5,210.5,2.773
309.0,95.0,3.574,312.0,90.0,3.189,315.0,90.0,3.157,317.0,91.0,3.141,304.0,90.0,3.273,301.0,90.0,3.344,298.0,91.0,3.344,320.0,97.0,3.436,294.0,96.0,3.514,314.0,105.0,3.987,303.0,104.0,3.595,346.0,149.0,2.933,269.0,148.0,3.064,354.0,218.0,2.933,259.0,211.0,3.222,358.0,271.0,2.99,273.0,256.0,2.906,362.0,286.0,3.417,274.0,271.0,2.658,356.0,286.0,3.206,280.0,269.0,2.58,354.0,282.0,3.206,282.0,264.0,2.591,330.0,273.0,2.58,286.0,273.0,2.58,330.0,364.0,2.789,283.0,367.0,2.752,333.0,441.0,2.356,295.0,441.0,2.013,329.0,452.0,2.213,303.0,450.0,2.392,346.0,473.0,1.974,282.0,469.0,1.65,307.75,210.75,2.78925
309.0,96.0,3.494,312.0,90.0,3.68,315.0,90.0,3.616,317.0,91.0,3.514,304.0,90.0,3.514,301.0,90.0,3.436,298.0,91.0,3.362,320.0,97.0,3.417,294.0,96.0,3.308,314.0,105.0,3.436,303.0,105.0,3.173,346.0,149.0,3.094,269.0,147.0,3.11,354.0,217.0,2.961,260.0,205.0,3.911,359.0,270.0,3.004,290.0,241.0,2.518,362.0,286.0,3.019,296.0,255.0,2.58,356.0,286.0,2.99,303.0,251.0,2.549,355.0,281.0,3.049,302.0,247.0,2.57,330.0,272.0,2.58,286.0,271.0,2.591,330.0,364.0,2.789,283.0,367.0,2.716,333.0,441.0,2.356,295.0,441.0,2.013,329.0,452.0,2.213,302.0,450.0,2.429,346.0,473.0,1.974,282.0,469.0,1.632,307.75,209.75,2.84375
309.0,96.0,3.29,312.0,90.0,3.239,315.0,90.0,3.29,317.0,91.0,3.308,304.0,90.0,3.173,301.0,90.0,3.157,298.0,91.0,3.206,320.0,97.0,3.206,294.0,96.0,3.514,314.0,105.0,3.362,303.0,105.0,3.474,346.0,149.0,3.222,269.0,146.0,3.125,354.0,216.0,2.99,259.0,203.0,3.079,359.0,270.0,2.814,299.0,212.0,2.559,362.0,286.0,2.752,310.0,221.0,2.518,357.0,285.0,2.866,316.0,216.0,2.458,355.0,281.0,2.933,314.0,213.0,2.401,330.0,271.0,2.58,286.0,271.0,2.57,330.0,364.0,2.827,283.0,366.0,2.728,333.0,441.0,2.356,295.0,441.0,2.073,329.0,454.0,2.182,302.0,450.0,2.429,346.0,473.0,1.987,282.0,469.0,1.641,307.75,209.25,2.87425
309.0,96.0,3.273,312.0,90.0,3.206,315.0,91.0,3.308,317.0,91.0,3.398,304.0,90.0,3.11,301.0,90.0,3.125,298.0,91.0,3.125,320.0,97.0,3.417,294.0,97.0,3.417,314.0,106.0,3.256,303.0,105.0,3.494,345.0,148.0,2.801,269.0,145.0,3.064,353.0,215.0,3.094,259.0,202.0,2.704,359.0,270.0,2.933,299.0,183.0,2.528,362.0,285.0,2.84,311.0,181.0,2.429,356.0,285.0,2.814,314.0,177.0,2.518,355.0,281.0,2.801,312.0,177.0,2.518,329.0,271.0,2.591,286.0,271.0,2.591,330.0,363.0,2.814,283.0,366.0,2.764,333.0,441.0,2.356,295.0,441.0,2.026,329.0,452.0,2.401,302.0,450.0,2.429,346.0,472.0,2.006,282.0,469.0,1.663,307.25,208.75,2.76175
308.0,98.0,3.064,312.0,91.0,3.222,315.0,91.0,3.222,317.0,92.0,3.308,303.0,91.0,3.256,300.0,91.0,3.29,298.0,92.0,3.362,320.0,97.0,3.455,294.0,97.0,3.534,314.0,107.0,3.256,303.0,107.0,3.064,344.0,148.0,3.019,270.0,145.0,3.079,353.0,215.0,2.752,258.0,200.0,3.064,359.0,270.0,3.206,292.0,155.0,2.752,362.0,285.0,3.094,300.0,146.0,2.669,356.0,285.0,3.019,302.0,141.0,2.658,355.0,281.0,3.049,300.0,143.0,2.669,329.0,272.0,2.58,286.0,274.0,2.602,330.0,362.0,2.84,283.0,366.0,2.728,333.0,441.0,2.365,296.0,441.0,2.123,329.0,452.0,2.401,302.0,450.0,2.429,345.0,472.0,2.019,283.0,469.0,1.663,307.25,209.75,2.8200000000000003
309.0,98.0,3.514,312.0,91.0,3.436,315.0,92.0,3.514,317.0,92.0,3.514,304.0,91.0,3.094,301.0,92.0,3.034,298.0,92.0,3.034,320.0,98.0,3.38,294.0,97.0,3.222,314.0,107.0,3.702,303.0,107.0,3.417,344.0,148.0,3.004,272.0,143.0,3.094,353.0,216.0,2.84,258.0,200.0,3.064,359.0,269.0,2.866,270.0,145.0,3.079,362.0,285.0,3.094,273.0,132.0,3.141,356.0,285.0,3.019,276.0,127.0,3.094,355.0,281.0,3.189,277.0,131.0,3.079,329.0,272.0,2.58,286.0,273.0,2.57,330.0,361.0,2.801,283.0,366.0,2.74,333.0,441.0,2.365,295.0,441.0,2.026,329.0,452.0,2.401,303.0,450.0,2.152,344.0,471.0,1.993,282.0,469.0,1.667,307.75,209.0,2.8120000000000003
309.0,99.0,2.976,312.0,93.0,2.947,315.0,93.0,2.947,317.0,93.0,2.92,304.0,92.0,2.906,301.0,93.0,2.92,298.0,93.0,2.879,320.0,99.0,2.92,294.0,98.0,3.034,314.0,108.0,2.99,304.0,108.0,3.034,345.0,148.0,3.004,273.0,143.0,2.498,354.0,216.0,2.976,251.0,192.0,2.728,359.0,268.0,3.157,248.0,138.0,2.961,363.0,285.0,3.173,244.0,124.0,3.38,357.0,285.0,3.173,250.0,120.0,3.206,355.0,281.0,3.206,251.0,124.0,3.189,329.0,271.0,2.58,287.0,271.0,2.57,330.0,361.0,2.84,283.0,366.0,2.74,333.0,441.0,2.365,295.0,441.0,2.066,329.0,452.0,2.401,303.0,450.0,2.152,344.0,471.0,2.026,282.0,470.0,1.65,308.5,208.25,2.6630000000000003
309.0,97.0,3.436,313.0,91.0,3.436,315.0,92.0,3.362,318.0,92.0,3.273,304.0,91.0,3.534,301.0,91.0,3.417,298.0,92.0,3.29,320.0,98.0,3.239,294.0,98.0,3.141,315.0,106.0,3.417,304.0,105.0,3.494,346.0,148.0,3.094,273.0,144.0,3.125,355.0,216.0,3.019,250.0,190.0,2.74,359.0,268.0,2.84,248.0,138.0,2.961,363.0,285.0,3.064,224.0,125.0,2.947,357.0,285.0,3.094,227.0,120.0,2.976,355.0,281.0,3.064,231.0,125.0,2.933,329.0,271.0,2.559,288.0,271.0,2.549,330.0,361.0,2.789,283.0,366.0,2.716,333.0,441.0,2.401,295.0,441.0,2.066,329.0,451.0,2.321,303.0,450.0,2.152,344.0,471.0,2.026,282.0,470.0,1.645,309.0,208.5,2.8317499999999995
309.0,96.0,3.326,313.0,90.0,3.239,315.0,91.0,3.326,318.0,91.0,3.38,304.0,90.0,3.11,301.0,91.0,3.094,298.0,91.0,3.125,320.0,97.0,3.256,295.0,97.0,3.256,315.0,105.0,3.064,304.0,104.0,3.157,346.0,148.0,3.141,271.0,145.0,3.079,355.0,216.0,2.879,247.0,192.0,2.41,361.0,268.0,2.879,211.0,144.0,3.29,365.0,285.0,2.99,199.0,133.0,3.362,359.0,285.0,2.933,201.0,129.0,3.474,357.0,281.0,2.92,205.0,133.0,3.29,329.0,271.0,2.559,288.0,271.0,2.58,330.0,361.0,2.84,283.0,366.0,2.74,333.0,441.0,2.401,294.0,441.0,2.08,329.0,451.0,2.278,302.0,450.0,2.383,343.0,470.0,1.974,282.0,470.0,1.611,308.5,208.75,2.83975
310.0,96.0,3.273,313.0,90.0,3.554,315.0,91.0,3.514,318.0,91.0,3.514,305.0,90.0,3.494,302.0,91.0,3.494,299.0,91.0,3.494,320.0,97.0,3.326,295.0,97.0,3.455,315.0,105.0,3.308,304.0,104.0,3.362,346.0,148.0,2.801,269.0,146.0,3.125,355.0,216.0,3.125,247.0,201.0,2.624,362.0,268.0,3.079,200.0,168.0,3.273,366.0,285.0,3.094,199.0,133.0,3.362,360.0,285.0,3.034,186.0,159.0,4.289,357.0,281.0,3.064,191.0,160.0,4.038,329.0,271.0,2.591,288.0,271.0,2.57,330.0,361.0,2.827,283.0,366.0,2.764,333.0,441.0,2.401,294.0,442.0,2.046,329.0,451.0,2.278,302.0,451.0,2.006,343.0,470.0,1.919,282.0,470.0,1.632,308.0,209.0,2.77175
310.0,96.0,3.034,313.0,90.0,3.094,315.0,91.0,3.125,318.0,91.0,3.173,305.0,90.0,3.157,302.0,91.0,3.206,299.0,91.0,3.189,320.0,97.0,3.256,295.0,97.0,3.11,315.0,105.0,3.206,304.0,104.0,3.141,346.0,148.0,3.173,269.0,147.0,2.947,355.0,216.0,2.728,250.0,205.0,2.498,362.0,268.0,3.064,198.0,197.0,3.239,366.0,285.0,3.141,183.0,196.0,3.417,360.0,285.0,3.157,183.0,193.0,3.417,357.0,281.0,3.189,188.0,193.0,3.256,329.0,271.0,2.559,288.0,271.0,2.591,330.0,361.0,2.84,283.0,366.0,2.764,333.0,441.0,2.401,295.0,442.0,2.108,329.0,451.0,2.278,302.0,451.0,2.303,343.0,470.0,1.919,281.0,470.0,1.65,308.0,209.25,2.8175
310.0,96.0,3.474,313.0,90.0,3.344,315.0,91.0,3.344,318.0,91.0,3.362,305.0,90.0,3.239,302.0,91.0,3.189,299.0,91.0,3.206,320.0,97.0,3.417,295.0,97.0,3.11,315.0,105.0,3.534,304.0,105.0,3.308,346.0,149.0,3.189,269.0,148.0,3.273,355.0,216.0,3.004,252.0,207.0,3.004,362.0,268.0,3.034,203.0,223.0,2.906,366.0,284.0,3.079,190.0,230.0,3.019,360.0,285.0,3.049,190.0,228.0,3.049,357.0,280.0,3.189,195.0,226.0,2.947,330.0,271.0,2.58,288.0,272.0,2.58,330.0,361.0,2.814,282.0,366.0,2.764,333.0,441.0,2.401,295.0,442.0,2.073,329.0,451.0,2.278,302.0,451.0,2.303,343.0,470.0,1.987,281.0,470.0,1.663,308.25,210.0,2.9055
310.0,96.0,3.595,313.0,90.0,3.29,315.0,91.0,3.514,318.0,91.0,3.574,305.0,90.0,3.344,302.0,91.0,3.436,299.0,91.0,3.417,320.0,97.0,3.574,295.0,97.0,3.344,315.0,105.0,3.094,304.0,105.0,3.308,346.0,149.0,2.658,269.0,148.0,3.637,355.0,216.0,2.92,252.0,210.0,3.455,362.0,268.0,3.064,220.0,242.0,3.004,366.0,284.0,3.256,210.0,253.0,3.004,360.0,284.0,3.326,211.0,253.0,2.99,357.0,280.0,3.125,215.0,249.0,2.947,330.0,272.0,2.58,288.0,272.0,2.559,330.0,361.0,2.853,282.0,367.0,2.704,333.0,441.0,2.401,295.0,442.0,2.08,329.0,451.0,2.278,302.0,451.0,2.052,343.0,470.0,1.987,281.0,470.0,1.615,308.25,210.25,2.8585000000000003
310.0,96.0,3.326,313.0,91.0,3.436,316.0,91.0,3.455,318.0,91.0,3.455,305.0,90.0,3.595,302.0,91.0,3.658,299.0,91.0,3.702,320.0,97.0,3.417,295.0,97.0,3.436,315.0,105.0,3.398,304.0,105.0,3.746,346.0,149.0,3.004,269.0,148.0,3.702,355.0,216.0,3.019,256.0,212.0,2.789,362.0,268.0,3.019,239.0,253.0,3.239,366.0,284.0,3.094,231.0,266.0,2.789,360.0,284.0,2.99,234.0,266.0,2.814,357.0,280.0,2.976,238.0,262.0,2.776,330.0,272.0,2.591,288.0,273.0,2.591,330.0,362.0,2.893,283.0,367.0,2.716,333.0,441.0,2.401,295.0,442.0,2.052,329.0,451.0,2.278,302.0,451.0,2.052,343.0,470.0,1.987,282.0,470.0,1.654,308.25,210.5,2.9720000000000004
310.0,96.0,3.574,313.0,90.0,3.362,316.0,91.0,3.239,318.0,91.0,3.222,305.0,90.0,3.417,302.0,90.0,3.326,299.0,91.0,3.273,320.0,97.0,3.455,294.0,97.0,3.436,315.0,105.0,3.362,304.0,105.0,3.189,345.0,149.0,2.728,268.0,148.0,3.455,354.0,216.0,2.961,259.0,212.0,3.173,362.0,268.0,3.079,259.0,261.0,2.947,366.0,284.0,3.019,258.0,275.0,3.344,360.0,284.0,2.947,263.0,274.0,3.474,357.0,280.0,3.034,265.0,269.0,3.38,329.0,272.0,2.58,286.0,273.0,2.602,330.0,362.0,2.853,282.0,367.0,2.728,333.0,441.0,2.401,295.0,442.0,2.026,329.0,451.0,2.278,302.0,451.0,2.052,344.0,471.0,2.013,282.0,470.0,1.632,307.0,210.5,2.84125
310.0,96.0,3.239,313.0,90.0,3.38,316.0,91.0,3.273,318.0,91.0,3.273,306.0,90.0,3.362,302.0,90.0,3.273,299.0,90.0,3.157,320.0,97.0,3.125,294.0,96.0,3.125,315.0,105.0,3.004,304.0,105.0,2.99,345.0,149.0,3.222,268.0,147.0,2.906,354.0,216.0,2.947,260.0,209.0,3.273,361.0,268.0,2.99,280.0,254.0,2.646,366.0,284.0,3.273,284.0,268.0,2.58,359.0,284.0,3.256,289.0,266.0,2.559,357.0,280.0,3.256,290.0,261.0,2.559,329.0,270.0,2.57,286.0,269.0,2.559,330.0,361.0,2.866,282.0,367.0,2.752,333.0,441.0,2.401,295.0,442.0,2.026,329.0,451.0,2.278,302.0,451.0,2.052,344.0,471.0,2.013,283.0,470.0,1.607,307.0,208.75,2.8142500000000004
310.0,96.0,3.273,313.0,90.0,3.436,316.0,91.0,3.398,318.0,91.0,3.398,306.0,90.0,3.29,302.0,90.0,3.206,299.0,90.0,3.189,320.0,97.0,3.362,294.0,96.0,3.308,315.0,105.0,3.38,304.0,105.0,3.455,345.0,149.0,3.189,268.0,146.0,2.976,354.0,214.0,2.947,259.0,205.0,3.514,361.0,267.0,3.004,297.0,222.0,2.549,365.0,283.0,3.11,306.0,233.0,2.549,359.0,284.0,3.157,313.0,227.0,2.538,357.0,279.0,3.004,311.0,224.0,2.468,329.0,269.0,2.559,286.0,269.0,2.58,330.0,362.0,2.827,283.0,366.0,2.764,333.0,441.0,2.401,295.0,442.0,2.026,329.0,451.0,2.278,302.0,451.0,2.052,344.0,471.0,1.937,283.0,470.0,1.645,307.0,208.25,2.826
310.0,96.0,3.239,313.0,90.0,3.239,315.0,90.0,3.239,318.0,91.0,3.222,305.0,90.0,3.206,302.0,90.0,3.125,299.0,90.0,3.064,320.0,97.0,3.362,294.0,96.0,3.239,315.0,105.0,3.29,304.0,105.0,3.308,344.0,149.0,3.034,268.0,146.0,2.692,352.0,213.0,3.079,258.0,204.0,2.681,361.0,267.0,2.84,297.0,194.0,2.508,365.0,283.0,2.99,308.0,194.0,2.392,359.0,283.0,3.11,313.0,188.0,2.538,357.0,279.0,3.019,310.0,188.0,2.538,329.0,270.0,2.57,285.0,270.0,2.591,330.0,362.0,2.84,283.0,366.0,2.74,333.0,441.0,2.401,295.0,441.0,2.059,329.0,451.0,2.278,302.0,451.0,2.052,345.0,472.0,2.019,283.0,470.0,1.641,306.5,208.75,2.72175
309.0,97.0,3.29,313.0,91.0,3.746,315.0,91.0,3.702,318.0,91.0,3.222,305.0,91.0,3.68,302.0,91.0,3.534,299.0,90.0,3.064,320.0,97.0,3.308,294.0,97.0,3.173,314.0,107.0,3.222,303.0,106.0,3.29,344.0,149.0,3.004,269.0,145.0,3.273,352.0,215.0,3.094,258.0,204.0,3.417,359.0,268.0,3.034,293.0,174.0,2.57,363.0,284.0,3.125,302.0,168.0,2.498,357.0,284.0,3.222,305.0,162.0,2.602,356.0,279.0,3.222,303.0,163.0,2.602,329.0,272.0,2.57,285.0,273.0,2.58,330.0,363.0,2.789,283.0,367.0,2.74,333.0,441.0,2.401,295.0,441.0,2.094,329.0,451.0,2.278,302.0,451.0,2.052,345.0,472.0,2.032,283.0,470.0,1.641,306.75,209.75,2.85675
309.0,98.0,3.344,312.0,91.0,3.362,315.0,91.0,3.222,317.0,92.0,3.125,304.0,91.0,3.574,301.0,92.0,3.595,298.0,92.0,3.616,319.0,98.0,3.019,294.0,98.0,3.455,314.0,107.0,3.256,303.0,107.0,3.239,344.0,149.0,2.84,271.0,146.0,3.398,352.0,216.0,3.019,257.0,199.0,3.326,359.0,270.0,3.222,285.0,155.0,2.635,362.0,285.0,3.064,291.0,145.0,3.019,357.0,285.0,3.049,293.0,141.0,2.853,355.0,281.0,3.064,292.0,143.0,2.933,329.0,272.0,2.57,285.0,273.0,2.58,329.0,362.0,2.801,283.0,367.0,2.681,333.0,441.0,2.401,295.0,441.0,2.006,329.0,451.0,2.278,302.0,451.0,2.052,345.0,472.0,2.032,283.0,470.0,1.654,307.25,210.0,2.847
309.0,97.0,3.308,312.0,91.0,3.273,315.0,91.0,3.29,317.0,92.0,3.308,305.0,91.0,3.273,302.0,91.0,3.256,299.0,92.0,3.206,319.0,98.0,3.326,295.0,98.0,3.141,314.0,106.0,3.362,304.0,106.0,3.189,344.0,149.0,2.961,272.0,142.0,3.326,352.0,216.0,3.094,254.0,197.0,2.57,358.0,270.0,3.157,272.0,142.0,3.326,361.0,285.0,3.29,291.0,145.0,3.019,356.0,285.0,3.326,293.0,141.0,2.853,354.0,281.0,3.38,292.0,143.0,2.933,328.0,272.0,2.58,285.0,272.0,2.591,329.0,361.0,2.84,283.0,367.0,2.716,333.0,441.0,2.401,295.0,441.0,2.006,329.0,451.0,2.303,302.0,451.0,2.052,345.0,472.0,2.032,283.0,470.0,1.645,307.25,208.75,2.8645000000000005
309.0,98.0,3.019,312.0,92.0,3.079,315.0,92.0,3.049,317.0,92.0,3.019,304.0,92.0,3.173,301.0,92.0,3.189,298.0,92.0,3.189,319.0,98.0,3.004,294.0,98.0,3.079,314.0,107.0,3.222,304.0,106.0,3.125,344.0,149.0,3.11,273.0,142.0,2.448,353.0,217.0,2.976,252.0,195.0,2.624,358.0,270.0,2.893,255.0,139.0,3.064,361.0,285.0,3.222,253.0,124.0,3.362,356.0,285.0,3.206,257.0,120.0,3.308,354.0,281.0,3.239,258.0,124.0,3.417,328.0,272.0,2.58,286.0,272.0,2.58,329.0,361.0,2.814,283.0,366.0,2.716,333.0,440.0,2.356,295.0,441.0,2.087,329.0,451.0,2.27,302.0,451.0,2.052,345.0,472.0,2.032,282.0,470.0,1.586,307.75,208.75,2.6795
309.0,99.0,3.206,312.0,92.0,3.308,315.0,93.0,3.455,317.0,93.0,3.595,304.0,92.0,3.222,301.0,92.0,3.239,298.0,93.0,3.239,320.0,99.0,3.534,294.0,98.0,3.239,314.0,108.0,3.514,304.0,107.0,3.362,345.0,149.0,2.933,273.0,144.0,3.064,354.0,217.0,2.906,251.0,193.0,2.488,358.0,270.0,2.976,241.0,142.0,3.064,362.0,285.0,3.094,235.0,127.0,3.222,356.0,285.0,3.094,239.0,122.0,3.38,354.0,281.0,3.141,242.0,128.0,3.189,328.0,272.0,2.57,287.0,271.0,2.58,329.0,361.0,2.801,283.0,366.0,2.74,333.0,440.0,2.356,295.0,441.0,1.987,329.0,451.0,2.27,301.0,451.0,2.073,345.0,472.0,2.032,282.0,470.0,1.641,308.25,209.0,2.78675
